{"train_loss": 0.020349547266960144, "val_acc": 0.9318269491195679, "val_loss": 0.23260647058486938}